{
  "project_info": {
    "project_number": "733581997401",
    "project_id": "myapplication-a369d",
    "storage_bucket": "myapplication-a369d.appspot.com"
  },
  "client": [
    {
      "client_info": {
        "mobilesdk_app_id": "1:733581997401:android:482549d6813f5e22524848",
        "android_client_info": {
          "package_name": "com.firebase.myapplication"
        }
      },
      "oauth_client": [
        {
          "client_id": "733581997401-91a8sbe9bebgavhcjfp5d0664s7u957q.apps.googleusercontent.com",
          "client_type": 3
        }
      ],
      "api_key": [
        {
          "current_key": "AIzaSyD2lmsDjpKI9cfEntTalRXrs2YYKJAQWx0"
        }
      ],
      "services": {
        "appinvite_service": {
          "other_platform_oauth_client": [
            {
              "client_id": "733581997401-91a8sbe9bebgavhcjfp5d0664s7u957q.apps.googleusercontent.com",
              "client_type": 3
            }
          ]
        }
      }
    }
  ],
  "configuration_version": "1"
}